species_code,scientific_name,data_year,type,percent_forested_population,percent_global_population
flaowl,Psiloscops flammeolus,2022,breeding,0.68765333305963106,0.5939199136787001
whhwoo,Dryobates albolarvatus,2022,resident,0.43518363828727413,0.3913880210260511
wilsap,Sphyrapicus thyroideus,2022,breeding,0.4116505159030374,0.3578407511524373
bcrfin,Leucosticte australis,2022,nonbreeding,0.40360632379741396,0.35588879660483524
mouqua,Oreortyx pictus,2022,resident,0.4230285121400067,0.3438279533872006
virwar,Leiothlypis virginiae,2022,breeding,0.4645370556075352,0.31117064251630944
herwar,Setophaga occidentalis,2022,breeding,0.395706210207807,0.2925852640429129
wrenti,Chamaea fasciata,2022,resident,0.4741722347445935,0.28717580108563795
casfin,Haemorhous cassinii,2022,breeding,0.42741494186526746,0.2796786046964634
mouchi,Poecile gambeli,2022,breeding,0.4472282229701698,0.27435789371498326
bkrfin,Leucosticte atrata,2022,nonbreeding,0.4087103091404497,0.2693103019676168
clanut,Nucifraga columbiana,2022,resident,0.4779821919566636,0.26190445254919065
mouchi,Poecile gambeli,2022,nonbreeding,0.4530526589460284,0.2571236464534156
dusgro,Dendragapus obscurus,2022,resident,0.5101488331451953,0.2549859721649277
rensap,Sphyrapicus nuchalis,2022,breeding,0.4692217227774382,0.25269524257365633
calhum,Selasphorus calliope,2022,breeding,0.37208678046217974,0.24626948630003132
casvir,Vireo cassinii,2022,breeding,0.39639544266803356,0.24259659151773671
lawgol,Spinus lawrencei,2022,breeding,0.5090691614082073,0.23566588852369127
brthum,Selasphorus platycercus,2022,breeding,0.40305676859949086,0.23329053701766736
oaktit,Baeolophus inornatus,2022,resident,0.4699663117715547,0.23141352716472444
westan,Piranga ludoviciana,2022,breeding,0.44152655713378325,0.2311140995406673
dusfly,Empidonax oberholseri,2022,breeding,0.4401883827815362,0.23081334373872386
calthr,Toxostoma redivivum,2022,resident,0.5398648976232486,0.2239478232406132
pygnut,Sitta pygmaea,2022,resident,0.30348688397565826,0.22314545859483886
spoowl,Strix occidentalis,2022,resident,0.39228499437002234,0.2231307611496308
corfly,Empidonax difficilis occidentalis/hellmayri,2021,breeding,0.41619902107256274,0.21802400108929026
gnttow,Pipilo chlorurus,2022,breeding,0.41303498994060056,0.2178897593639268
macwar,Geothlypis tolmiei,2022,breeding,0.47853415163816887,0.21311049352585879
stejay,Cyanocitta stelleri,2022,resident,0.3990473635665966,0.20502291984745702
bcrfin,Leucosticte australis,2022,breeding,0.34628969838725426,0.19410436555213242
batpig1,Patagioenas fasciata,2022,nonbreeding,0.5214676303324488,0.19123273088393952
casfin,Haemorhous cassinii,2022,nonbreeding,0.34848492943590875,0.190531867837875
caltow,Melozone crissalis,2022,resident,0.4686947405463232,0.18193792385873717
refwar,Cardellina rubrifrons,2022,breeding,0.3297845351879841,0.17979513738056982
nopowl,Glaucidium gnoma,2022,resident,0.43239670941339864,0.17514536577050444
bkrfin,Leucosticte atrata,2022,breeding,0.2839875499516846,0.17425300090366058
nutwoo,Dryobates nuttallii,2022,resident,0.4992245133341226,0.17368943061000613
annhum,Calypte anna,2022,nonbreeding,0.4895276070475972,0.16620770505129656
cowscj1,Aphelocoma californica,2022,resident,0.4400461750587745,0.15901193542403513
gcrfin,Leucosticte tephrocotis,2022,nonbreeding,0.3911843270232032,0.15900623698491667
wesblu,Sialia mexicana,2022,breeding,0.34368499223680676,0.15624560545449068
hamfly,Empidonax hammondii,2022,breeding,0.47732315171300727,0.15525558632344838
annhum,Calypte anna,2022,breeding,0.46112144107526887,0.1495165524215538
allhum,Selasphorus sasin,2022,breeding,0.35785364221545907,0.14858384304099326
moublu,Sialia currucoides,2022,breeding,0.4270497151975645,0.14808784180253134
lazbun,Passerina amoena,2022,breeding,0.3747202431245016,0.14788357700832638
towsol,Myadestes townsendi,2022,nonbreeding,0.42050099735014235,0.14527411732156564
evegro,Coccothraustes vespertinus,2022,breeding,0.5043347254023418,0.1435801843382083
plsvir,Vireo plumbeus,2022,breeding,0.3362020331089357,0.13151545414577298
bkhgro,Pheucticus melanocephalus,2022,breeding,0.37738714070368246,0.13138348912214087
wesfly,Empidonax difficilis,2022,breeding,0.4033709231199068,0.12953236876079413
amedip,Cinclus mexicanus,2022,resident,0.4279739308878149,0.12950808232868793
towsol,Myadestes townsendi,2022,breeding,0.45326357523605154,0.1294022189254478
allhum,Selasphorus sasin,2022,nonbreeding,0.4595369737750428,0.12721007172285664
towwar,Setophaga townsendi,2022,breeding,0.5628061426289814,0.12709654999705916
btywar,Setophaga nigrescens,2022,breeding,0.3683513153126302,0.12705756720124706
acowoo,Melanerpes formicivorus,2022,resident,0.4380234534295344,0.12641094488110355
varthr,Ixoreus naevius,2022,nonbreeding,0.36071473410362215,0.12242839233491419
wilsap,Sphyrapicus thyroideus,2022,nonbreeding,0.26362029164625606,0.1207656592449892
chbchi,Poecile rufescens,2022,resident,0.43763232813991715,0.1201247808552471
rebsap,Sphyrapicus ruber,2022,nonbreeding,0.4100172945673178,0.11746839124871615
wewpew,Contopus sordidulus,2022,breeding,0.36642866792487144,0.11715537690451268
warvir,Vireo gilvus,2022,breeding,0.4713531547864302,0.1139054464045935
vigswa,Tachycineta thalassina,2022,breeding,0.38931252825712703,0.11273622606030857
grawar,Setophaga graciae,2022,breeding,0.31751373076628975,0.11227450764308104
pacwre1,Troglodytes pacificus,2022,nonbreeding,0.3602353530878932,0.10673151063387526
lewwoo,Melanerpes lewis,2022,breeding,0.25043943366027155,0.10600934819377895
hutvir,Vireo huttoni,2022,resident,0.3815426018151969,0.10434739288815569
spotow,Pipilo maculatus,2022,breeding,0.36039622725370746,0.10067200593998947
brncre,Certhia americana,2022,nonbreeding,0.4349501744885411,0.0950356187277017
rebnut,Sitta canadensis,2022,nonbreeding,0.4666621717230589,0.09379068669641367
rebnut,Sitta canadensis,2022,breeding,0.46657680780923516,0.09343503644698595
bkcspa,Spizella atrogularis,2022,breeding,0.4407971260843088,0.0908215869208312
brncre,Certhia americana,2022,breeding,0.4411774497898148,0.0905413952069426
nswowl,Aegolius acadicus,2022,nonbreeding,0.42560471700749397,0.09008290735031006
wesblu,Sialia mexicana,2022,nonbreeding,0.3139928293804985,0.0869712611591605
lawgol,Spinus lawrencei,2022,nonbreeding,0.5188872121686168,0.08542588056216562
compoo,Phalaenoptilus nuttallii,2022,breeding,0.42119098423636064,0.08377809839128773
rebsap,Sphyrapicus ruber,2022,breeding,0.35151125507158765,0.08354942009090852
pasfly,Empidonax difficilis [difficilis Group],2021,breeding,0.40123873715611685,0.08352281245247746
lewwoo,Melanerpes lewis,2022,nonbreeding,0.3374993893713344,0.0791661854384642
bushti,Psaltriparus minimus,2022,resident,0.37618685758042736,0.07849528502153405
pinsis,Spinus pinus,2022,breeding,0.5201570286960476,0.0759342235471837
vauswi,Chaetura vauxi,2022,breeding,0.4778402285357113,0.07378605128898517
wooscj2,Aphelocoma woodhouseii,2022,resident,0.355343816118192,0.0722889028094176
whtswi,Aeronautes saxatalis,2022,breeding,0.391493371032518,0.0711426834758395
gockin,Regulus satrapa,2022,nonbreeding,0.4131804573063841,0.07096197832033845
spotow,Pipilo maculatus,2022,nonbreeding,0.36477837743963737,0.06899044916138344
souwpw1,Antrostomus arizonae,2021,breeding,0.2890285095361538,0.0685371002630431
olsfly,Contopus cooperi,2022,breeding,0.49025662318878876,0.06708692324602519
soogro1,Dendragapus fuliginosus,2022,resident,0.43694211523274457,0.06680280109843163
pacwre1,Troglodytes pacificus,2022,breeding,0.46994540553707115,0.0666812896901632
compoo,Phalaenoptilus nuttallii,2022,nonbreeding,0.5701545547839526,0.061630966179221966
recpar,Amazona viridigenalis,2021,resident,0.221382737477456,0.059193707227322985
batpig1,Patagioenas fasciata,2022,breeding,0.39758004917535933,0.057604528087823494
clagre,Aechmophorus clarkii,2022,nonbreeding,0.38357627277148193,0.05693222311088565
coohaw,Accipiter cooperii,2022,breeding,0.4230610791208313,0.05679396209332374
brespa,Spizella breweri,2022,breeding,0.3845981709779445,0.05676023320591989
calcon,Gymnogyps californianus,2021,resident,0.25279312973422025,0.056354235733029424
pinsis,Spinus pinus,2022,nonbreeding,0.46451725457835674,0.05627726549452746
paired,Myioborus pictus,2022,breeding,0.3377791590754606,0.055909438708196015
redcro,Loxia curvirostra,2022,nonbreeding,0.4718465746999637,0.05553475246796438
norgos,Accipiter atricapillus,2022,breeding,0.5017139305164203,0.05509415522386457
wesgre,Aechmophorus occidentalis,2022,breeding,0.4658247374609679,0.053182991639067645
gryfly,Empidonax wrightii,2022,breeding,0.24542691839880634,0.05264424794565364
daejun,Junco hyemalis,2022,breeding,0.4695747891346922,0.050573869729466155
wilfly,Empidonax traillii,2022,breeding,0.3440105600151691,0.050397148134255096
clagre,Aechmophorus clarkii,2022,breeding,0.3858438383704231,0.05022187550971948
juntit1,Baeolophus ridgwayi,2022,resident,0.2551150575142227,0.04938725364083133
gockin,Regulus satrapa,2022,breeding,0.5298332984157081,0.048867197961861356
chispa,Spizella passerina,2022,breeding,0.4516406254628954,0.04801061331604996
yebmag,Pica nuttalli,2022,resident,0.199859454824897,0.04771940847780203
haiwoo,Dryobates villosus,2022,resident,0.4132959140223097,0.047369641968541945
britit,Baeolophus wollweberi,2022,resident,0.2812535860710718,0.0461069666817222
attwoo1,Picoides dorsalis,2022,resident,0.5885244269035423,0.0452824406046568
calqua,Callipepla californica,2022,resident,0.35459409555643634,0.04485410952364132
whtswi,Aeronautes saxatalis,2022,nonbreeding,0.5064807093738891,0.044647865019160266
norfli,Colaptes auratus,2022,breeding,0.40966561757764824,0.04404290712427754
truswa,Cygnus buccinator,2022,nonbreeding,0.6293806735625562,0.04344963934539432
whsowl1,Megascops trichopsis,2021,resident,0.29278098640595374,0.04298087845196529
lesgol,Spinus psaltria,2022,breeding,0.38772578801622515,0.042959930114931245
herthr,Catharus guttatus,2022,nonbreeding,0.4005115957122245,0.042875008641303336
wesowl1,Megascops kennicottii,2022,resident,0.3722491342199691,0.04085415551357298
rensap,Sphyrapicus nuchalis,2022,nonbreeding,0.23830456468839303,0.040177119175515155
rocwre,Salpinctes obsoletus,2022,breeding,0.31003195072184236,0.039217233240389025
yerwar,Setophaga coronata,2022,breeding,0.4800143133402002,0.03909615563337191
lesgol,Spinus psaltria,2022,nonbreeding,0.43625499397877837,0.038261940829203867
redcro9,Loxia sinesciuris,2022,resident,0.047977589149260605,0.038195908857218866
foxspa,Passerella iliaca,2022,nonbreeding,0.36529308186621257,0.03806675788500459
pinjay,Gymnorhinus cyanocephalus,2022,resident,0.25194782315225334,0.03631456051249296
redcro,Loxia curvirostra,2022,breeding,0.45995520177803684,0.035771354685502764
gryvir,Vireo vicinior,2022,breeding,0.3074842088418329,0.03554567136970525
belspa2,Artemisiospiza belli,2022,breeding,0.3868308307574265,0.035277363472176686
comnig,Chordeiles minor,2022,breeding,0.37945312904345135,0.033661416992505896
daejun,Junco hyemalis,2022,nonbreeding,0.31251021044682087,0.033428799852989535
norfli,Colaptes auratus,2022,nonbreeding,0.34419286201071214,0.032922779875886286
blkpho,Sayornis nigricans,2022,breeding,0.3848794260535741,0.03242922377267062
shshaw,Accipiter striatus,2022,breeding,0.4862787050616533,0.031603572773811116
pingro,Pinicola enucleator,2022,breeding,0.5725875856216474,0.031379537453614846
ruckin,Corthylio calendula,2022,breeding,0.5315351694295061,0.030917209322195004
varthr,Ixoreus naevius,2022,breeding,0.6140533365399085,0.03050088861386786
bewwre,Thryomanes bewickii,2022,nonbreeding,0.3887640532848006,0.030481762514398204
rethaw,Buteo jamaicensis,2022,breeding,0.39348547844649817,0.030074912260520847
amerob,Turdus migratorius,2022,nonbreeding,0.33112025303294323,0.029819616481259748
blkpho,Sayornis nigricans,2022,nonbreeding,0.39026682914293054,0.029521680056420956
goleag,Aquila chrysaetos,2022,nonbreeding,0.4186461585785286,0.02923025373335489
bewwre,Thryomanes bewickii,2022,breeding,0.3704076772130964,0.02876206810791833
swathr,Catharus ustulatus,2022,breeding,0.48868802465069017,0.028749359152585526
whbnut,Sitta carolinensis,2022,resident,0.3561191009510847,0.02867748780233372
bkbmag1,Pica hudsonia,2022,resident,0.3794279698911525,0.02861729796744757
blkswi,Cypseloides niger,2022,breeding,0.6230043589957702,0.028588059353245834
amerob,Turdus migratorius,2022,breeding,0.43896725441288187,0.028473296916969718
gusgro,Centrocercus minimus,2022,resident,0.18387497408598805,0.028360148936810433
wiltur,Meleagris gallopavo,2022,resident,0.3520326675861653,0.02813143255567809
ruckin,Corthylio calendula,2022,nonbreeding,0.3589387366527267,0.027708625911461282
herthr,Catharus guttatus,2022,breeding,0.5046855696878394,0.026865318583118764
brebla,Euphagus cyanocephalus,2022,breeding,0.3355383175196391,0.02642468668708588
vesspa,Pooecetes gramineus,2022,breeding,0.37889356299171867,0.026135028051920722
rufhum,Selasphorus rufus,2022,breeding,0.3878950409265465,0.025650178042798392
bulori,Icterus bullockii,2022,breeding,0.3595096903100841,0.025491031355171216
rudduc,Oxyura jamaicensis,2022,nonbreeding,0.3655162910772691,0.023526869179406724
mexjay4,Aphelocoma wollweberi,2022,resident,0.25247057891018515,0.023453957740009277
purfin,Haemorhous purpureus,2022,breeding,0.445605750400573,0.023246706672152194
blkrai,Laterallus jamaicensis,2021,nonbreeding,0.5031480062999681,0.02292853950078619
astfly,Myiarchus cinerascens,2022,breeding,0.3361551163695437,0.02273308976020127
orcwar,Leiothlypis celata,2022,breeding,0.4260158004535027,0.022721589335097638
rucspa,Aimophila ruficeps,2022,resident,0.31816353994508956,0.022441093141631833
oliwar,Peucedramus taeniatus,2022,resident,0.3936997907651007,0.02113382700793578
bargol,Bucephala islandica,2022,breeding,0.6571059899852437,0.020795713469074533
calgul,Larus californicus,2022,nonbreeding,0.3886965696232022,0.020767359909852928
prafal,Falco mexicanus,2022,breeding,0.31074631498336647,0.020669139974579618
bkchum,Archilochus alexandri,2022,breeding,0.3591600750477727,0.020593262709053685
yelwar,Setophaga petechia,2022,breeding,0.39689181203061313,0.02018344606380101
purfin,Haemorhous purpureus,2022,nonbreeding,0.5377571956198586,0.019860094536950635
rethaw,Buteo jamaicensis,2022,nonbreeding,0.33215334320607026,0.019348509710884178
grhowl,Bubo virginianus,2022,resident,0.4171410621220405,0.019230354279148775
houfin,Haemorhous mexicanus,2022,resident,0.4091449562062802,0.018827670551963365
wesgre,Aechmophorus occidentalis,2022,nonbreeding,0.30909712555972785,0.018716764132719065
ariwoo,Dryobates arizonae,2022,resident,0.24965843006521435,0.018679451145562846
wesgul,Larus occidentalis,2022,resident,0.22574576442922192,0.018276364199319307
saggro,Centrocercus urophasianus,2022,resident,0.36813548631148124,0.018220287570573458
phaino,Phainopepla nitens,2022,resident,0.43820644999411856,0.018094516970024153
buggna,Polioptila caerulea,2022,breeding,0.43757296677913177,0.018044765684426436
linspa,Melospiza lincolnii,2022,breeding,0.5285324113427461,0.01791374871242409
towwar,Setophaga townsendi,2022,nonbreeding,0.4949326948452762,0.017595875859288658
naswar,Leiothlypis ruficapilla,2022,breeding,0.4369835032049239,0.017549398271010097
pilwoo,Dryocopus pileatus,2022,resident,0.4127944862590778,0.01749661113192449
sonspa,Melospiza melodia,2022,breeding,0.3542360241162921,0.01748569309383952
treswa,Tachycineta bicolor,2022,breeding,0.4360540397394666,0.017306093571220277
monqua,Cyrtonyx montezumae,2022,resident,0.13050827994953063,0.01659058790303515
amewig,Mareca americana,2022,nonbreeding,0.2810196883324398,0.016552125685746988
canwre,Catherpes mexicanus,2022,resident,0.29044747436451324,0.01631574285360121
houwre,Troglodytes aedon,2022,breeding,0.3939867618550934,0.015830170634726335
coshum,Calypte costae,2022,breeding,0.5617657981782741,0.015654979105157934
maghum1,Eugenes fulgens,2022,breeding,0.42762128726077364,0.015007014382111463
buffle,Bucephala albeola,2022,nonbreeding,0.30716784232361777,0.014985385319787636
sagthr,Oreoscoptes montanus,2022,breeding,0.29159350194979783,0.014867639075365225
rinduc,Aythya collaris,2022,nonbreeding,0.3361583798621126,0.014543156348151209
wlswar,Cardellina pusilla,2022,breeding,0.4260499486927328,0.014540815327328198
shshaw,Accipiter striatus,2022,nonbreeding,0.42311321998909635,0.014404510351010496
zothaw,Buteo albonotatus,2022,breeding,0.27513004647240813,0.014229989278351273
bnhcow,Molothrus ater,2022,breeding,0.3921203194248672,0.01422275638483087
norgos,Accipiter atricapillus,2022,nonbreeding,0.43325273092260486,0.013895427299663577
heegul,Larus heermanni,2022,nonbreeding,0.23285777049818704,0.013426720103117906
foxspa,Passerella iliaca,2022,breeding,0.45869751807913445,0.01341684831432247
y00475,Fulica americana,2022,nonbreeding,0.38289583875153843,0.01340871411157052
whcspa,Zonotrichia leucophrys,2022,nonbreeding,0.3761437742745145,0.012548776749140858
nswowl,Aegolius acadicus,2022,breeding,0.492109203037608,0.01251452845405883
whcspa,Zonotrichia leucophrys,2022,breeding,0.4950486242643814,0.012398375673985612
hoomer,Lophodytes cucullatus,2022,nonbreeding,0.34050078368814113,0.012218180677402338
hooori,Icterus cucullatus,2022,breeding,0.3827776855901456,0.012194009341664237
caskin,Tyrannus vociferans,2022,breeding,0.23539084356529716,0.012079929526578282
rufgro,Bonasa umbellus,2022,resident,0.46356679039387216,0.012071572411120527
cedwax,Bombycilla cedrorum,2022,breeding,0.3632724920654766,0.01177346993915549
heptan,Piranga flava,2022,breeding,0.2557944753476225,0.011655039382484555
saypho,Sayornis saya,2022,breeding,0.29057503611710317,0.011620430356045519
bkbwoo,Picoides arcticus,2022,resident,0.4422101003224747,0.01151397891221844
calgul,Larus californicus,2022,breeding,0.37810603125485487,0.01150644486491874
cliswa,Petrochelidon pyrrhonota,2022,breeding,0.39128618878474497,0.01131791878001644
larspa,Chondestes grammacus,2022,breeding,0.3515235073070554,0.011284213753493246
baleag,Haliaeetus leucocephalus,2022,nonbreeding,0.3574965489333843,0.01120716261793742
yerwar,Setophaga coronata,2022,nonbreeding,0.47879259161703114,0.011139392156425839
osprey,Pandion haliaetus,2022,breeding,0.3660819965577298,0.011104970565283218
sposan,Actitis macularius,2022,breeding,0.4563407277487469,0.011049087022459905
nrwswa,Stelgidopteryx serripennis,2022,breeding,0.37490773678274925,0.011015770405135189
virrai,Rallus limicola,2022,nonbreeding,0.34929984946085935,0.010820023652604774
yeejun,Junco phaeonotus,2022,resident,0.6029832793718288,0.010813099567412299
canvas,Aythya valisineria,2022,nonbreeding,0.3337153653486498,0.0107488475080109
y00475,Fulica americana,2022,breeding,0.3536220228451317,0.010608933619477609
comblh1,Buteogallus anthracinus,2022,breeding,0.24244783808398518,0.010575685650937357
gryjay,Perisoreus canadensis,2022,resident,0.5854921296737033,0.010508356820371722
eargre,Podiceps nigricollis,2022,nonbreeding,0.45194922797901077,0.010503443587497167
bubfly,Empidonax fulvifrons,2021,breeding,0.611268879946977,0.010407169065706549
lobcur,Numenius americanus,2022,breeding,0.4047306185898037,0.010126521160532795
calgna,Polioptila californica,2022,resident,0.4750750369614453,0.010100320750508152
turvul,Cathartes aura,2022,breeding,0.34834080105274356,0.010019918917897731
wesmea,Sturnella neglecta,2022,breeding,0.3484552081776933,0.009958404399340296
saypho,Sayornis saya,2022,nonbreeding,0.36895970638399994,0.009697077169770859
goleag,Aquila chrysaetos,2022,breeding,0.4076970399296426,0.009679010868044706
coohaw,Accipiter cooperii,2022,nonbreeding,0.4115266393280082,0.009589321249604333
lucwar,Leiothlypis luciae,2022,breeding,0.2298461252368337,0.009538090388213075
comgol,Bucephala clangula,2022,nonbreeding,0.40549301333690513,0.009382028203822616
evegro,Coccothraustes vespertinus,2022,nonbreeding,0.39379897785720064,0.009360379284431855
crithr,Toxostoma crissale,2022,resident,0.2394726325137378,0.008850557013035443
forter,Sterna forsteri,2022,breeding,0.3736269157641626,0.00850964940608225
amekes,Falco sparverius,2022,breeding,0.342649173143859,0.008452864717545687
amecro,Corvus brachyrhynchos,2022,nonbreeding,0.42415475280858544,0.008372742028704252
tunswa,Cygnus columbianus,2022,nonbreeding,0.2339456658197917,0.008323143182704834
brebla,Euphagus cyanocephalus,2022,nonbreeding,0.3264592213818246,0.008263649998734348
scoori,Icterus parisorum,2022,breeding,0.2432679038850579,0.008232252759618317
reshaw,Buteo lineatus,2022,breeding,0.4563820511934947,0.008209987979415403
cintea,Spatula cyanoptera,2022,breeding,0.33540508600544333,0.008177201842827535
wesmea,Sturnella neglecta,2022,nonbreeding,0.3101533179823858,0.008137514894552987
prafal,Falco mexicanus,2022,nonbreeding,0.27979862530139027,0.008126928379191713
tribla,Agelaius tricolor,2022,resident,0.244412837109692,0.008108947668640721
virrai,Rallus limicola,2022,breeding,0.3277259575705636,0.008080574547110263
sagspa1,Artemisiospiza nevadensis,2022,breeding,0.28394512604033606,0.007888079151235678
bkcchi,Poecile atricapillus,2022,resident,0.39777493949378245,0.007885386839894181
sonspa,Melospiza melodia,2022,nonbreeding,0.28008504604101697,0.007747740296659356
reshaw,Buteo lineatus,2022,nonbreeding,0.4547767250339591,0.007598992841149153
belspa2,Artemisiospiza belli,2022,nonbreeding,0.2754393420079423,0.007517078556129476
pibgre,Podilymbus podiceps,2022,breeding,0.37443672193503685,0.007512404866273512
cangoo,Branta canadensis,2022,nonbreeding,0.41678673292199925,0.007458651688549134
bkcspa,Spizella atrogularis,2022,nonbreeding,0.1600942071790148,0.007386330356286484
pibgre,Podilymbus podiceps,2022,nonbreeding,0.40555473986946283,0.0069109107131444724
marwre,Cistothorus palustris,2022,nonbreeding,0.3367228710103974,0.006859090279301989
moudov,Zenaida macroura,2022,breeding,0.3514065930777957,0.006687396814116541
amecro,Corvus brachyrhynchos,2022,breeding,0.39187776965142584,0.006677213756052974
grycat,Dumetella carolinensis,2022,breeding,0.3417386087959591,0.0066350017608668346
veery,Catharus fuscescens,2022,breeding,0.3698184518783208,0.006629954172026084
whtpta1,Lagopus leucura,2021,resident,0.44200488560688694,0.006438572194737465
lessca,Aythya affinis,2022,nonbreeding,0.3355276367271391,0.006405339322030535
comrav,Corvus corax,2022,resident,0.41884290933367135,0.006365774844975122
moublu,Sialia currucoides,2022,nonbreeding,0.1719168922179337,0.006231521322892298
swahaw,Buteo swainsoni,2022,breeding,0.44170339326342056,0.006093297172678348
rocwre,Salpinctes obsoletus,2022,nonbreeding,0.2787215277610311,0.0060624429661564954
yebcha,Icteria virens,2022,breeding,0.2573970935823822,0.005721392810868512
snoplo5,Anarhynchus nivosus,2022,nonbreeding,0.19680101209307074,0.0057000471638318775
larspa,Chondestes grammacus,2022,nonbreeding,0.34086138001193406,0.0056887499196024436
weskin,Tyrannus verticalis,2022,breeding,0.34821184414443535,0.005682541306539858
ferhaw,Buteo regalis,2022,nonbreeding,0.2508840778967984,0.00564997555253154
caskin,Tyrannus vociferans,2022,nonbreeding,0.4758444692571153,0.005607844385137396
shtgro,Tympanuchus phasianellus,2022,resident,0.5288250333173392,0.005393617302363537
horgre,Podiceps auritus,2022,nonbreeding,0.3384920439936134,0.005340176333139498
grepew,Contopus pertinax,2022,breeding,0.5605424907073139,0.005312893409858048
belkin1,Megaceryle alcyon,2022,nonbreeding,0.3404784769386828,0.005250688921634263
sagthr,Oreoscoptes montanus,2022,nonbreeding,0.20504979307611057,0.005220826336729354
pingro,Pinicola enucleator,2022,nonbreeding,0.6074288846355119,0.005146474090347855
yehbla,Xanthocephalus xanthocephalus,2022,breeding,0.3760274208156818,0.005100744181941672
norhar2,Circus hudsonius,2022,breeding,0.37143420924070836,0.005025684636274546
commer,Mergus merganser,2022,nonbreeding,0.35828977588073524,0.004851620040140133
retloo,Gavia stellata,2022,nonbreeding,0.19102961524327217,0.004720756325318748
dowwoo,Dryobates pubescens,2022,resident,0.3990134132280201,0.004656896524569509
ameavo,Recurvirostra americana,2022,nonbreeding,0.3742565661100159,0.004646613521726396
redhea,Aythya americana,2022,nonbreeding,0.23437509315797783,0.004448444241281742
bargol,Bucephala islandica,2022,nonbreeding,0.49170922091376634,0.004428286957557815
wilpha,Phalaropus tricolor,2022,breeding,0.5084513363595713,0.004412173056851548
willet1,Tringa semipalmata,2022,nonbreeding,0.29666518609450343,0.004321220310548108
amwpel,Pelecanus erythrorhynchos,2022,breeding,0.40197984045592694,0.004320238210882826
commer,Mergus merganser,2022,breeding,0.38959322842508914,0.00428780125929102
merlin,Falco columbarius,2022,nonbreeding,0.3953963009420901,0.004168115131851456
rudduc,Oxyura jamaicensis,2022,breeding,0.3466084150899499,0.004163777528910574
rewbla,Agelaius phoeniceus,2022,breeding,0.3554510764647591,0.003995384211236626
amegfi,Spinus tristis,2022,breeding,0.3521576830142016,0.003960687375239017
gcrfin,Leucosticte tephrocotis,2022,breeding,0.45049585392039593,0.003928934164598465
cedwax,Bombycilla cedrorum,2022,nonbreeding,0.4896743140334815,0.00391075675636702
horlar,Eremophila alpestris,2022,nonbreeding,0.3105009724571152,0.00390479873877575
larbun,Calamospiza melanocorys,2022,breeding,0.49084676368699776,0.003889463345794619
hamfly,Empidonax hammondii,2022,nonbreeding,0.18453883842805113,0.0037834851464402484
norhar2,Circus hudsonius,2022,nonbreeding,0.3124601126007561,0.00363234473789257
caster1,Hydroprogne caspia,2022,breeding,0.3092817753547371,0.003555647985987045
easkin,Tyrannus tyrannus,2022,breeding,0.3412612504712841,0.003510952500914323
killde,Charadrius vociferus,2022,breeding,0.3674101737637413,0.0034771861870844514
cantow,Melozone fusca,2022,resident,0.2000067120886952,0.0034615190575945382
whwcro,Loxia leucoptera,2022,nonbreeding,0.5862204995183538,0.0034321255461362316
sprgro,Canachites canadensis,2022,resident,0.6723144617659631,0.0034219018125771377
grbher3,Ardea herodias,2022,breeding,0.37190485992814026,0.0033471482956018692
ridrai1,Rallus obsoletus,2022,resident,0.6534776099131715,0.00330117500115522
mcclon,Rhynchophanes mccownii,2022,breeding,0.36814859064270433,0.003260701176841496
linspa,Melospiza lincolnii,2022,nonbreeding,0.30089788590814753,0.0032586197013625942
grbher3,Ardea herodias,2022,nonbreeding,0.32128845772514997,0.0031585958172900565
amekes,Falco sparverius,2022,nonbreeding,0.3114697210350701,0.003006937419615281
gresca,Aythya marila,2022,nonbreeding,0.29782906470748377,0.0029699415299427987
ferhaw,Buteo regalis,2022,breeding,0.4647168977638818,0.0029687055663131547
whtkit,Elanus leucurus,2022,resident,0.4547630615060235,0.002960432113466368
marwre,Cistothorus palustris,2022,breeding,0.3603460955712527,0.002880628315671136
belkin1,Megaceryle alcyon,2022,breeding,0.3043142779719025,0.002866202900242741
brdowl,Strix varia,2022,resident,0.45236495607720223,0.0028543070593942802
moudov,Zenaida macroura,2022,nonbreeding,0.38203482773302794,0.0027380460112524196
sumtan,Piranga rubra,2022,breeding,0.23408257714276282,0.0027313758055249873
chispa,Spizella passerina,2022,nonbreeding,0.20010890545690455,0.002676882888810428
graspa,Ammodramus savannarum,2022,breeding,0.449809716002073,0.0026414683330965973
cangoo,Branta canadensis,2022,breeding,0.3516989801538363,0.002622345345050192
amepip,Anthus rubescens,2022,breeding,0.3906705117715226,0.0025490015162902024
wilsni1,Gallinago delicata,2022,breeding,0.37707693039192375,0.0025481963604019548
wessan,Calidris mauri,2022,nonbreeding,0.3257731105901738,0.002528874105833153
comyel,Geothlypis trichas,2022,breeding,0.3478736010598031,0.002510822314902035
cacgoo1,Branta hutchinsii,2022,nonbreeding,0.1883204571998593,0.002497421391685814
redhea,Aythya americana,2022,breeding,0.3528512158510662,0.002496777005758244
amered,Setophaga ruticilla,2022,breeding,0.4073768981479779,0.0024330867117476835
brnpel,Pelecanus occidentalis,2022,breeding,0.2681136849291093,0.002430503404030731
norwat,Parkesia noveboracensis,2022,breeding,0.5732353741510727,0.0023653343770775733
amepip,Anthus rubescens,2022,nonbreeding,0.31747275465297475,0.002300489103298568
sancra,Antigone canadensis,2022,breeding,0.4535915232029288,0.0022903598062835088
bongul,Chroicocephalus philadelphia,2022,nonbreeding,0.49325359945695313,0.0022273340655306877
baleag,Haliaeetus leucocephalus,2022,breeding,0.35631444154548614,0.0022017965066172982
coshum,Calypte costae,2022,nonbreeding,0.6121658391723699,0.0021778691374267733
amegfi,Spinus tristis,2022,nonbreeding,0.4110186577188275,0.0021637060599323976
willet1,Tringa semipalmata,2022,breeding,0.2711775507783261,0.0021602752430011614
wooduc,Aix sponsa,2022,nonbreeding,0.48348271338071347,0.0021414433463663373
ruwspa,Peucaea carpalis,2022,resident,0.15496043990280148,0.0021220769033419387
mallar3,Anas platyrhynchos,2022,breeding,0.3875986156692617,0.002120351719705019
comyel,Geothlypis trichas,2022,nonbreeding,0.4313641336988686,0.0021120867300790025
purmar,Progne subis,2022,breeding,0.25118298017662244,0.0021113208217554743
truswa,Cygnus buccinator,2022,breeding,0.5199990464257624,0.0020978376501595603
perfal,Falco peregrinus,2022,breeding,0.3834512210454712,0.0020361792754951436
brbhum,Cynanthus latirostris,2022,breeding,0.13371917826191254,0.001995939631920401
gnttow,Pipilo chlorurus,2022,nonbreeding,0.200252152019375,0.0019903231850742628
yebloo,Gavia adamsii,2021,nonbreeding,0.39742697797045995,0.0019570154683685274
turvul,Cathartes aura,2022,nonbreeding,0.3887983954747592,0.0019509062816602258
eleter1,Thalasseus elegans,2022,breeding,0.3713709058596964,0.0019451763128345734
bktspa,Amphispiza bilineata,2022,breeding,0.19937070387842734,0.0019364546927969324
uplsan,Bartramia longicauda,2022,breeding,0.5439803763001192,0.0019333950028984186
sora,Porzana carolina,2022,nonbreeding,0.3941126091620608,0.0019153045616117745
doccor,Nannopterum auritum,2022,nonbreeding,0.32364561099737854,0.001905850900194958
ribgul,Larus delawarensis,2022,breeding,0.4261094307375612,0.001901283933781716
rinduc,Aythya collaris,2022,breeding,0.43945723986171864,0.0018995954433591003
mallar3,Anas platyrhynchos,2022,nonbreeding,0.469212015902434,0.0018935888909861179
mouplo,Anarhynchus montanus,2021,breeding,0.5044441976431968,0.001892445874127486
savspa,Passerculus sandwichensis,2022,nonbreeding,0.2704114755609616,0.0018842683421582218
ducfly,Myiarchus tuberculifer,2022,breeding,0.23912631516332572,0.0018819111095777176
belvir,Vireo bellii,2022,breeding,0.17867669549225595,0.0018554011032906959
labwoo,Dryobates scalaris,2022,resident,0.22374273732496638,0.0018481953524728323
leasan,Calidris minutilla,2022,nonbreeding,0.2046325556300477,0.0018377019894032307
logshr,Lanius ludovicianus,2022,breeding,0.2779393343419984,0.0018306971210874069
sursco,Melanitta perspicillata,2022,nonbreeding,0.16548353583830452,0.0017857530423297128
whfibi,Plegadis chihi,2022,breeding,0.34178788994735293,0.0017631351262207854
eursta,Sturnus vulgaris,2022,nonbreeding,0.35906081899412956,0.0017589375389892928
hoomer,Lophodytes cucullatus,2022,breeding,0.37461551355682327,0.0017229005419398876
brnpel,Pelecanus occidentalis,2022,nonbreeding,0.33680356416993523,0.001712337927891313
chclon,Calcarius ornatus,2022,breeding,0.6985333898117589,0.0017114866043488773
gilwoo,Melanerpes uropygialis,2022,resident,0.2596712442432191,0.0017095889891619697
blugrb1,Passerina caerulea,2022,breeding,0.19861835827776733,0.0016816703176689755
doccor,Nannopterum auritum,2022,breeding,0.3267172823051889,0.0016588485539734772
gamqua,Callipepla gambelii,2022,resident,0.17300485163416937,0.0016520876651310572
gadwal,Mareca strepera,2022,breeding,0.31014351653798977,0.0016439863443778516
savspa,Passerculus sandwichensis,2022,breeding,0.3843361109442922,0.0016204152233210735
verdin,Auriparus flaviceps,2022,resident,0.2732256893042407,0.001601266512022754
normoc,Mimus polyglottos,2022,nonbreeding,0.4708572811128303,0.0016000262460924533
lobdow,Limnodromus scolopaceus,2022,nonbreeding,0.3466179037014418,0.0015887929430014938
blkoys,Haematopus bachmani,2022,resident,0.18938385264893115,0.0015603927825753436
sprpip,Anthus spragueii,2022,breeding,0.7928783547273767,0.00155253319921568
wilsni1,Gallinago delicata,2022,nonbreeding,0.36003585173035085,0.00154332965784133
greroa,Geococcyx californianus,2022,resident,0.26242615605985486,0.0015055295342314729
lobcur,Numenius americanus,2022,nonbreeding,0.2547535600530528,0.0015030296773430186
lessca,Aythya affinis,2022,breeding,0.5366144919433844,0.0014835892979163101
amwpel,Pelecanus erythrorhynchos,2022,nonbreeding,0.4627172900011689,0.0014710504114690138
baispa,Centronyx bairdii,2022,breeding,0.7258444896924066,0.0014391298864487576
snoplo5,Anarhynchus nivosus,2022,breeding,0.18058273119546978,0.0014367638992463217
normoc,Mimus polyglottos,2022,breeding,0.29102389834807535,0.001418271314244368
leafly,Empidonax minimus,2022,breeding,0.4459428070565052,0.0014126734681615236
ribgul,Larus delawarensis,2022,nonbreeding,0.44161364782685514,0.0013674980408259632
cintea,Spatula cyanoptera,2022,nonbreeding,0.49087262538969106,0.001356259856534196
eargre,Podiceps nigricollis,2022,breeding,0.3907953326816894,0.0013532290711583284
boboli,Dolichonyx oryzivorus,2022,breeding,0.41821543583059123,0.0013329844647593174
margod,Limosa fedoa,2022,breeding,0.3705234337061896,0.0013317047253884335
sander,Calidris alba,2022,nonbreeding,0.18227237431614401,0.0013281759380759461
blkrai,Laterallus jamaicensis,2021,breeding,0.3397461700327349,0.0012955094238704464
horlar,Eremophila alpestris,2022,breeding,0.30916218654616545,0.001288647714696803
logshr,Lanius ludovicianus,2022,nonbreeding,0.22867814462530553,0.0012881533515948997
grypar,Perdix perdix,2022,resident,0.31677626883384713,0.0012828143352832102
sora,Porzana carolina,2022,breeding,0.3242482675504412,0.0012433143006080121
rehwoo,Melanerpes erythrocephalus,2022,breeding,0.44517634864276,0.0012150053357408578
lilmea2,Sturnella lilianae,2022,breeding,0.09563975381060877,0.0012050990057157441
brespa,Spizella breweri,2022,nonbreeding,0.2284062184089325,0.0011926144889903838
luchum,Calothorax lucifer,2021,breeding,0.08931305745549856,0.001171290039704344
wooduc,Aix sponsa,2022,breeding,0.26915290233600586,0.0011640931571033062
fragul,Leucophaeus pipixcan,2022,breeding,0.5826136077972595,0.0011495792913000266
margod,Limosa fedoa,2022,nonbreeding,0.0768908339064783,0.0011482297197392276
paired,Myioborus pictus,2022,nonbreeding,0.26232221952313084,0.0011330200498180902
subfly,Myiodynastes luteiventris,2022,breeding,0.3150700324242366,0.0011226714009011781
bncfly,Myiarchus tyrannulus,2022,breeding,0.20322451662697347,0.0010648554180557527
brnowl,Tyto alba,2022,resident,0.4786102078152235,0.0010479540539427312
banswa,Riparia riparia,2022,breeding,0.5761858254623091,0.001044955873148469
eletro,Trogon elegans,2022,resident,0.3374123447674233,0.0010073580029156413
amewig,Mareca americana,2022,breeding,0.5221708824942869,0.0010037198309352712
comloo,Gavia immer,2022,nonbreeding,0.2430725862255081,9.85048704137873e-4
gryfly,Empidonax wrightii,2022,nonbreeding,0.1559997540726013,9.630174947284425e-4
bkbplo,Pluvialis squatarola,2022,nonbreeding,0.26359864709238423,9.546793849411346e-4
himsno,Tetraogallus himalayensis,2021,resident,0.5153112661070754,9.089420863499093e-4
rengre,Podiceps grisegena,2022,breeding,0.41638894888200256,8.881314718282443e-4
buthum,Lampornis clemenciae,2022,resident,0.3615030214517138,8.685489564141754e-4
bknsti,Himantopus mexicanus,2022,breeding,0.45258103388725685,8.1714732818318e-4
maghum1,Eugenes fulgens,2022,nonbreeding,0.5008065629128822,8.164155013805221e-4
gadwal,Mareca strepera,2022,nonbreeding,0.36168065688797596,8.110674665963056e-4
killde,Charadrius vociferus,2022,nonbreeding,0.2664857832591071,8.05636444371907e-4
orcwar,Leiothlypis celata,2022,nonbreeding,0.4031436026155178,7.993500247206316e-4
rewbla,Agelaius phoeniceus,2022,nonbreeding,0.44052243880805486,7.97206211689007e-4
brnthr,Toxostoma rufum,2022,breeding,0.5248718879238682,7.918409443816657e-4
buffle,Bucephala albeola,2022,breeding,0.4256109465633556,7.91009789821214e-4
eursta,Sturnus vulgaris,2022,breeding,0.34128389717476704,7.435349188074745e-4
ameavo,Recurvirostra americana,2022,breeding,0.25092499148660574,7.374188049720961e-4
canvas,Aythya valisineria,2022,breeding,0.4409185272910007,7.311841343896268e-4
norsho,Spatula clypeata,2022,nonbreeding,0.37892025913410715,7.258623731483213e-4
norpin,Anas acuta,2022,nonbreeding,0.39757976281394425,7.113603532443627e-4
dunlin,Calidris alpina,2022,nonbreeding,0.20002628475565729,6.73125766669949e-4
whwcro,Loxia leucoptera,2022,breeding,0.7685896745880052,6.692461931279181e-4
piggui,Cepphus columba,2022,breeding,0.18093089725585682,6.476950622977481e-4
bkhpar,Aratinga nenday,2022,resident,0.6863145435419975,6.413652635670627e-4
ovenbi1,Seiurus aurocapilla,2022,breeding,0.5626531964027011,6.375233444830289e-4
fiespa,Spizella pusilla,2022,breeding,0.6501312888536218,6.354491526319998e-4
rinphe1,Phasianus colchicus,2022,resident,0.4963359325269606,6.31522918191791e-4
mexchi,Poecile sclateri,2022,resident,0.4767841126957603,6.28792351283251e-4
rinphe,Phasianus colchicus/versicolor,2021,resident,0.4700835380748008,6.265851068497097e-4
clcspa,Spizella pallida,2022,breeding,0.4918285517620306,5.921623706605339e-4
dusfly,Empidonax oberholseri,2022,nonbreeding,0.12654235491294893,5.883082219747006e-4
vesspa,Pooecetes gramineus,2022,nonbreeding,0.19089994931561222,5.835233777336686e-4
gryhaw2,Buteo plagiatus,2022,breeding,0.0747027484561354,5.763977485858432e-4
greyel,Tringa melanoleuca,2022,nonbreeding,0.3138212379547032,5.724752745673835e-4
buggna,Polioptila caerulea,2022,nonbreeding,0.4385460386158639,5.584471329791621e-4
casspa,Peucaea cassinii,2022,breeding,0.15731441745365252,5.574423617346194e-4
gilfli,Colaptes chrysoides,2022,resident,0.3665415108669811,5.530192862262872e-4
grnher,Butorides virescens,2022,breeding,0.3872505901095092,5.385349738294448e-4
semplo,Charadrius semipalmatus,2022,nonbreeding,0.2659690530848955,5.266704530203638e-4
perfal,Falco peregrinus,2022,nonbreeding,0.28428252925906305,5.109216011386407e-4
botspa,Peucaea botterii,2021,resident,0.019914913772481033,5.055119449592274e-4
forter,Sterna forsteri,2022,nonbreeding,0.2881619295882972,4.954099663615214e-4
sposan,Actitis macularius,2022,nonbreeding,0.39656068562763586,4.8666637505291035e-4
pelcor,Urile pelagicus,2022,resident,0.16406093615345166,4.7742244347396184e-4
royter1,Thalasseus maximus,2022,nonbreeding,0.44047136890192007,4.6003129393089103e-4
buwtea,Spatula discors,2022,breeding,0.5280720293727782,4.590691776984707e-4
heegul,Larus heermanni,2022,breeding,0.35157496461206633,4.553961081446847e-4
sheowl,Asio flammeus,2022,nonbreeding,0.3077501525376572,4.5319486382092324e-4
glwgul,Larus glaucescens,2022,nonbreeding,0.20212626140476192,4.468899706533088e-4
scoori,Icterus parisorum,2022,nonbreeding,0.5667364895792255,4.4589792533887405e-4
mewgul2,Larus brachyrhynchus,2022,nonbreeding,0.14337596199907118,4.355268664345163e-4
cubthr,Toxostoma curvirostre,2022,resident,0.20468218509593572,4.31341632861731e-4
varbun,Passerina versicolor,2022,breeding,0.06377731071739547,4.254886853671822e-4
bktspa,Amphispiza bilineata,2022,nonbreeding,0.13420229432112846,4.2395080217886476e-4
graspa,Ammodramus savannarum,2022,nonbreeding,0.12901076218917,4.092345002101139e-4
sagspa1,Artemisiospiza nevadensis,2022,nonbreeding,0.14923238697738894,4.083228207633451e-4
amebit,Botaurus lentiginosus,2022,nonbreeding,0.46196899758424936,3.9486835422384827e-4
barswa,Hirundo rustica,2022,breeding,0.3662956302770235,3.9305947711603415e-4
leater1,Sternula antillarum,2022,breeding,0.34098414195110394,3.9191185824729235e-4
btywar,Setophaga nigrescens,2022,nonbreeding,0.1297314670997813,3.854976875103519e-4
mouplo,Anarhynchus montanus,2021,nonbreeding,0.338256586144205,3.8150099894485484e-4
eucdov,Streptopelia decaocto,2022,resident,0.39363178716520625,3.746900934546228e-4
borchi2,Poecile hudsonicus,2022,resident,0.8069650649256754,3.6554507407914353e-4
houwre,Troglodytes aedon,2022,nonbreeding,0.42176529388724737,3.6525075066761413e-4
cacwre,Campylorhynchus brunneicapillus,2022,resident,0.1367538433078902,3.415068339083737e-4
reevir1,Vireo olivaceus,2022,breeding,0.27140111706454884,3.221022817111203e-4
norsho,Spatula clypeata,2022,breeding,0.41981754076869554,3.159663354582849e-4
comloo,Gavia immer,2022,breeding,0.49638038525255085,3.133516869929964e-4
licpar,Amazona finschi,2021,resident,0.3420678397746844,3.1240254602012303e-4
parjae,Stercorarius parasiticus,2022,nonbreeding,0.5457585001265952,3.071568947635992e-4
chukar,Alectoris chukar,2022,resident,0.17487009555772434,3.0399787407818464e-4
amebit,Botaurus lentiginosus,2022,breeding,0.32207322224973195,3.0072120231753376e-4
grnher,Butorides virescens,2022,nonbreeding,0.44243764990678686,2.9821446537915924e-4
comgra,Quiscalus quiscula,2022,breeding,0.42728155426650066,2.9275332339781307e-4
snogoo,Anser caerulescens,2022,nonbreeding,0.46645136424979255,2.9246434837567465e-4
sursco,Melanitta perspicillata,2022,breeding,0.12564014975097942,2.813240906332608e-4
blkski,Rynchops niger,2022,nonbreeding,0.5613494877543873,2.710687247161245e-4
shbdow,Limnodromus griseus,2022,nonbreeding,0.2940469488554702,2.705903604810381e-4
pacloo,Gavia pacifica,2022,nonbreeding,0.09266427868747829,2.6480080037078016e-4
snoegr,Egretta thula,2022,breeding,0.44329996877564143,2.6001665867214245e-4
blkter,Chlidonias niger,2022,breeding,0.22257265375078086,2.600012267564846e-4
osprey,Pandion haliaetus,2022,nonbreeding,0.36411501050680745,2.5784381526364376e-4
blktur,Arenaria melanocephala,2022,nonbreeding,0.07255407937051768,2.552886035359909e-4
gnwtea,Anas crecca,2022,nonbreeding,0.3148945571366866,2.484630566469833e-4
leabit,Ixobrychus exilis,2022,breeding,0.4216358473885971,2.4538532748287397e-4
rengre,Podiceps grisegena,2022,nonbreeding,0.15669907866140034,2.4276099558025735e-4
heptan,Piranga flava,2022,nonbreeding,0.17682059404261913,2.4264865862684941e-4
leabit,Ixobrychus exilis,2022,nonbreeding,0.5320217386468052,2.3989500623480394e-4
abetow,Melozone aberti,2022,resident,0.08460448617105797,2.3924152741934302e-4
whwdov,Zenaida asiatica,2022,breeding,0.11411752974635993,2.3462299574070048e-4
lesnig,Chordeiles acutipennis,2022,breeding,0.10621156822870624,2.2232465608892582e-4
vigswa,Tachycineta thalassina,2022,nonbreeding,0.49176211221288285,2.1692181257818352e-4
fisspa,Amphispizopsis quinquestriata,2021,resident,0.050184299431621386,2.0963182964682124e-4
bcnher,Nycticorax nycticorax,2022,nonbreeding,0.4125740653255079,2.0266504399337926e-4
gnwtea,Anas crecca,2022,breeding,0.4099309047173701,1.9942696833590966e-4
burowl,Athene cunicularia,2022,breeding,0.5697432243343478,1.9079326691177583e-4
hergul,Larus argentatus,2022,nonbreeding,0.3135943040663592,1.885027415467761e-4
houspa,Passer domesticus,2022,resident,0.49785118479569024,1.883431407747069e-4
rocpig,Columba livia,2022,resident,0.41661632062715637,1.8301746819847115e-4
yelrai,Coturnicops noveboracensis,2021,breeding,0.13388140966523046,1.8029095673436423e-4
rempar,Psittacara erythrogenys,2021,resident,0.12206194782048933,1.7968302156334603e-4
nutman,Lonchura punctulata,2022,resident,0.40897327535101186,1.775062061530104e-4
greegr,Ardea alba,2022,breeding,0.3580777198904146,1.7412747473315212e-4
nobtyr,Camptostoma imberbe,2022,breeding,0.04917227202279341,1.689719373322705e-4
orcori,Icterus spurius,2022,breeding,0.5453195139300686,1.6731364547532026e-4
treswa,Tachycineta bicolor,2022,nonbreeding,0.4111828718703512,1.671060319242973e-4
merlin,Falco columbarius,2022,breeding,0.5951523633001288,1.6633182186192482e-4
blkski,Rynchops niger,2022,breeding,0.5056955226571448,1.661387860351367e-4
bcnher,Nycticorax nycticorax,2022,breeding,0.4031159173183349,1.6503922148637242e-4
whimbr,Numenius phaeopus,2022,nonbreeding,0.27742319289621414,1.6189883764389747e-4
westan,Piranga ludoviciana,2022,nonbreeding,0.47179848262265384,1.6069096982072214e-4
bknsti,Himantopus mexicanus,2022,nonbreeding,0.38807806178912274,1.560656997154686e-4
snoegr,Egretta thula,2022,nonbreeding,0.38182601886036777,1.5151908777688997e-4
mitpar,Psittacara mitratus,2021,resident,0.541710561445265,0.00014323839140268241
grtgra,Quiscalus mexicanus,2022,breeding,0.42020547926779006,1.3929498681999113e-4
norcar,Cardinalis cardinalis,2022,resident,0.2545511946345848,1.3243578939365158e-4
vichum,Ramosomyia violiceps,2022,breeding,0.3416298994451528,1.2798048139912163e-4
bulori,Icterus bullockii,2022,nonbreeding,0.3944115264743537,1.2791652568763296e-4
bktgna,Polioptila melanura,2022,resident,0.0858940013600216,1.1949028580071146e-4
brthum,Selasphorus platycercus,2022,nonbreeding,0.7886269647818038,1.181712432998062e-4
yebcuc,Coccyzus americanus,2022,breeding,0.1239544083791254,1.1735025106380719e-4
sheowl,Asio flammeus,2022,breeding,0.27964541400559,1.1701764962204457e-4
whehum,Basilinna leucotis,2021,breeding,0.4723934294654154,1.136248352194319e-4
indbun,Passerina cyanea,2022,breeding,0.28389149071865344,1.0748066737390388e-4
chirav,Corvus cryptoleucus,2022,resident,0.2244243830519354,1.065113367308409e-4
sprpip,Anthus spragueii,2022,nonbreeding,0.1972534730508264,1.0002669028598951e-4
bkbplo,Pluvialis squatarola,2022,breeding,0.23495348654247258,9.825147776501675e-5
lazbun,Passerina amoena,2022,nonbreeding,0.034638832529611745,9.742462605619589e-5
loeowl,Asio otus,2022,breeding,0.4019985703780949,9.719837288437343e-5
chclon,Calcarius ornatus,2022,nonbreeding,0.1282189428016599,9.212939895303218e-5
zothaw,Buteo albonotatus,2022,nonbreeding,0.5692988025984586,9.139792639371904e-5
casvir,Vireo cassinii,2022,nonbreeding,0.09046211770228162,9.002372815920687e-5
plsvir,Vireo plumbeus,2022,nonbreeding,0.14998284316719873,8.947466372843384e-5
nobtyr,Camptostoma imberbe,2022,nonbreeding,0.10345281670542074,8.841656398380606e-5
easowl1,Megascops asio,2022,resident,0.3054467452610824,8.64738539429798e-5
dickci,Spiza americana,2022,breeding,0.49244172945585535,8.548627925115174e-5
lilmea2,Sturnella lilianae,2022,nonbreeding,0.03123150639132656,8.48742271612514e-5
grtgra,Quiscalus mexicanus,2022,nonbreeding,0.3966645553984148,7.942668096032317e-5
comgol,Bucephala clangula,2022,breeding,0.35463372669340537,7.822615089674451e-5
rebmer,Mergus serrator,2022,nonbreeding,0.25197942807942936,7.80048983292375e-5
pasfly,Empidonax difficilis [difficilis Group],2021,nonbreeding,0.38813801419729854,7.74968428577921e-5
verfly,Pyrocephalus rubinus,2022,breeding,0.07558023724497152,7.717463827471733e-5
greegr,Ardea alba,2022,nonbreeding,0.2831060798131066,7.502735463203141e-5
loeowl,Asio otus,2022,nonbreeding,0.3803146120109548,7.354335662763016e-5
benthr,Toxostoma bendirei,2022,breeding,0.06501327435999865,6.858121788650246e-5
bnhcow,Molothrus ater,2022,nonbreeding,0.3670881053387571,6.658854249430079e-5
marmur,Brachyramphus marmoratus,2022,resident,0.12882009731048286,6.54262580336996e-5
easblu,Sialia sialis,2022,breeding,0.1901511173552298,6.541501193671131e-5
cogdov,Columbina passerina,2022,breeding,0.1064205567063699,6.445567499621718e-5
norpin,Anas acuta,2022,breeding,0.37046689540757655,6.273850608233349e-5
pyrrhu,Cardinalis sinuatus,2022,resident,0.05650408734254591,6.266332897960065e-5
brant,Branta bernicla,2022,nonbreeding,0.02579805475809883,5.9522038243711865e-5
brocow,Molothrus aeneus,2022,breeding,0.08678851177582796,5.755371665007383e-5
sancra,Antigone canadensis,2022,nonbreeding,0.699871287749801,5.588455531990535e-5
easblu,Sialia sialis,2022,nonbreeding,0.13133301888192125,5.504986336305663e-5
lecthr,Toxostoma lecontei,2022,resident,0.09176256517534707,5.333181380621948e-5
comgal1,Gallinula galeata,2022,nonbreeding,0.47290078474797254,4.959101971204082e-5
bucnig,Antrostomus ridgwayi,2021,breeding,0.044325712290940185,4.934165013758004e-5
nstspa,Ammospiza nelsoni,2022,breeding,1,4.9300836306728966e-5
hrshaw,Parabuteo unicinctus,2022,resident,0.3357961068292155,4.703658302735679e-5
yehbla,Xanthocephalus xanthocephalus,2022,nonbreeding,0.27419844328847326,4.632392563058237e-5
redegr,Egretta rufescens,2022,resident,0.3808388517473718,4.623913628471119e-5
brbhum,Cynanthus latirostris,2022,nonbreeding,0.48720697806731394,4.037381262772357e-5
thbkin,Tyrannus crassirostris,2022,breeding,0.016907915256143963,3.764853061504809e-5
blujay,Cyanocitta cristata,2022,nonbreeding,0.34827918791669,3.595671822935859e-5
whfibi,Plegadis chihi,2022,nonbreeding,0.5743178602332215,3.519650817863986e-5
blujay,Cyanocitta cristata,2022,breeding,0.33094098210163847,3.268333012241949e-5
refwar,Cardellina rubrifrons,2022,nonbreeding,0.7886269609310221,3.23423820985206e-5
swiwhe1,Zosterops simplex,2021,breeding,0.4026577733459602,3.157908630228992e-5
comgal1,Gallinula galeata,2022,breeding,0.37922039465314045,3.150869955037672e-5
whtspa,Zonotrichia albicollis,2022,nonbreeding,0.4520450848097048,3.08027354689494e-5
mutswa,Cygnus olor,2022,nonbreeding,0.43801561091367164,3.055683069341318e-5
wesfly,Empidonax difficilis,2022,nonbreeding,0.44146302245694596,2.913408135706756e-5
casspa,Peucaea cassinii,2022,nonbreeding,0.03147046773039648,2.854169548715458e-5
gwfgoo,Anser albifrons,2022,nonbreeding,0.30514358376317186,2.838438462775147e-5
swiwhe1,Zosterops simplex,2021,nonbreeding,0.46109439665258156,2.7111739970212588e-5
caster1,Hydroprogne caspia,2022,nonbreeding,0.33331466078370775,2.5238205681586595e-5
shthaw,Buteo brachyurus,2022,breeding,0.7697175222307421,2.4295804851733275e-5
herwar,Setophaga occidentalis,2022,nonbreeding,0.35672983372278755,2.4185138481487348e-5
berhum,Saucerottia beryllina,2022,resident,0.8024099363814253,2.0302174082297354e-5
tenwar,Leiothlypis peregrina,2022,breeding,0.780990984950253,1.9903155363977592e-5
buwtea,Spatula discors,2022,nonbreeding,0.3216173001675136,1.9140314900560075e-5
rosgoo,Anser rossii,2022,nonbreeding,0.2795026041617866,1.8760122615916393e-5
whwdov,Zenaida asiatica,2022,nonbreeding,0.054559495853402994,1.8565119853946977e-5
whwsco2,Melanitta deglandi,2022,nonbreeding,0.060545875838363225,1.7956762458835752e-5
ycnher,Nyctanassa violacea,2022,breeding,0.3130190159877991,1.7935754110295304e-5
mcclon,Rhynchophanes mccownii,2022,nonbreeding,0.1487977555357766,1.6882384379298493e-5
harduc,Histrionicus histrionicus,2022,breeding,0.7452413818590717,1.6543796234468347e-5
yelwar,Setophaga petechia,2022,nonbreeding,0.36646743430459006,1.637004751406875e-5
wlswar,Cardellina pusilla,2022,nonbreeding,0.3709696152996962,1.5644797096537068e-5
nrwswa,Stelgidopteryx serripennis,2022,nonbreeding,0.3720743729114354,1.390754656012763e-5
pitwhy,Vidua macroura,2021,resident,0.39192142533624463,1.3589617833762678e-5
royter1,Thalasseus maximus,2022,breeding,0.3414985030848921,1.3566946151666214e-5
balori,Icterus galbula,2022,breeding,0.8467883120841594,1.3400676555927911e-5
ycnher,Nyctanassa violacea,2022,nonbreeding,0.05678110455577315,1.3397113161932684e-5
baispa,Centronyx bairdii,2022,nonbreeding,0.01728269964581574,1.3066244146475521e-5
mutswa,Cygnus olor,2022,breeding,0.6846629162763577,1.2550230627915786e-5
mexduc,Anas diazi,2022,resident,0.05761991718445317,1.2302522267548446e-5
sumtan,Piranga rubra,2022,nonbreeding,0.433172561960639,1.1465165832243956e-5
pacloo,Gavia pacifica,2022,breeding,0.1379471607322266,1.119080483891556e-5
yecpar,Brotogeris chiriri,2022,resident,0.41810300663547717,1.1031917020247713e-5
scaqua,Callipepla squamata,2022,resident,0.1531672014064166,1.0926365089270939e-5
redkno,Calidris canutus,2022,nonbreeding,0.2942742907063276,1.0341947510827732e-5
crcwar,Oreothlypis superciliosa,2021,resident,0.6012807454847673,1.0254005034149794e-5
whimbr,Numenius phaeopus,2022,breeding,0.13669843793926312,9.696908383051723e-6
rewbul,Pycnonotus jocosus,2021,resident,0.18595764687289404,9.515969324447826e-6
burowl,Athene cunicularia,2022,nonbreeding,0.34170416001424453,8.752466686183225e-6
rudtur,Arenaria interpres,2022,nonbreeding,0.25860440914486704,8.737139107044627e-6
vichum,Ramosomyia violiceps,2022,nonbreeding,0.5302470193072544,8.29706259819118e-6
cogdov,Columbina passerina,2022,nonbreeding,0.057771694449065485,8.110569717227828e-6
verfly,Pyrocephalus rubinus,2022,nonbreeding,0.4427276474100013,7.063935675174881e-6
bkcgna,Polioptila nigriceps,2021,resident,0.06624520811321521,6.968610355753046e-6
relpar,Amazona autumnalis,2022,resident,0.2507794596594595,6.953348057639475e-6
greyel,Tringa melanoleuca,2022,breeding,0.2644437966689325,6.5403033548992195e-6
chiswi,Chaetura pelagica,2022,breeding,0.5508471411270935,6.372834176064602e-6
hoowar,Setophaga citrina,2022,breeding,0.5978351752174424,6.084824503493927e-6
horgre,Podiceps auritus,2022,breeding,0.36199616649279637,5.912545682353379e-6
grawar,Setophaga graciae,2022,nonbreeding,0.7672035748339235,5.397669900447748e-6
glwgul,Larus glaucescens,2022,breeding,0.13251468905201816,5.3947838650435195e-6
tuffly,Mitrephanes phaeocercus,2021,resident,0.8847067652230088,5.194577201893131e-6
egygoo,Alopochen aegyptiaca,2022,resident,0.38914102696468295,5.0651622445838014e-6
gryvir,Vireo vicinior,2022,nonbreeding,0.37773344285316485,5.038924076375066e-6
gresca,Aythya marila,2022,breeding,0.36420740831492027,4.955239450051597e-6
lesyel,Tringa flavipes,2022,nonbreeding,0.3626313686297553,4.677647401344745e-6
lucwar,Leiothlypis luciae,2022,nonbreeding,0.18999446718291477,4.302534608074043e-6
semplo,Charadrius semipalmatus,2022,breeding,0.13486439694188831,4.264616484282872e-6
flctan,Piranga bidentata,2021,resident,0.6059244882799121,4.211289395635975e-6
aldfly,Empidonax alnorum,2022,breeding,0.6323314602348954,4.017606036088771e-6
renpha,Phalaropus lobatus,2021,breeding,0.34690192473232984,3.819019411577326e-6
bawwar,Mniotilta varia,2022,breeding,0.8166797120257451,3.629257683679143e-6
compea,Pavo cristatus,2022,resident,0.196973456475604,3.5472886299496883e-6
blktur,Arenaria melanocephala,2022,breeding,0.2953768912309464,3.448130394600087e-6
yetwar,Setophaga dominica,2022,breeding,0.6928196715689754,3.353345894961014e-6
triher,Egretta tricolor,2022,nonbreeding,0.5417077537196535,3.0133860695741198e-6
bongul,Chroicocephalus philadelphia,2022,breeding,0.1892267257580204,2.985999818640036e-6
rufhum,Selasphorus rufus,2022,nonbreeding,0.7220519608534798,2.809301597158014e-6
larbun,Calamospiza melanocorys,2022,nonbreeding,0.2567420990687446,2.710076922676909e-6
wessan,Calidris mauri,2022,breeding,0.19894514182232398,2.6421085735028247e-6
astfly,Myiarchus cinerascens,2022,nonbreeding,0.023404565410737956,2.6288168256265677e-6
bkhgro,Pheucticus melanocephalus,2022,nonbreeding,0.09813014911696505,2.436679932820987e-6
yebloo,Gavia adamsii,2021,breeding,0.37828829834862265,2.275564055956361e-6
whwsco2,Melanitta deglandi,2022,breeding,0.057794305158573686,2.2255795296268824e-6
blksco2,Melanitta americana,2022,nonbreeding,0.07566270271130421,1.9841779873700686e-6
sander,Calidris alba,2022,breeding,0.05403313340551285,1.8364911953107345e-6
bawwar,Mniotilta varia,2022,nonbreeding,0.34662070748536977,1.7796577374351397e-6
miskit,Ictinia mississippiensis,2022,breeding,0.5881670846861256,1.594621177404168e-6
comter,Sterna hirundo,2022,breeding,0.9718586410756532,1.5748666140408284e-6
robgro,Pheucticus ludovicianus,2022,breeding,0.7495895806683608,1.5311084961440303e-6
thbkin,Tyrannus crassirostris,2022,nonbreeding,0.9795904514625486,1.5275510385856094e-6
amered,Setophaga ruticilla,2022,nonbreeding,0.2520636379881722,1.526848179985177e-6
vauswi,Chaetura vauxi,2022,nonbreeding,0.42914616801669186,1.5112952723723962e-6
brnthr,Toxostoma rufum,2022,nonbreeding,0.3236288955351128,1.3497612060111525e-6
incdov,Columbina inca,2022,resident,0.11611719651468841,1.1808096359167688e-6
chswar,Setophaga pensylvanica,2022,nonbreeding,0.4017028150414758,1.16399072927431e-6
sedwre1,Cistothorus stellaris,2022,breeding,1,1.1577946876568396e-6
lobdow,Limnodromus scolopaceus,2022,breeding,0.3302060398893305,1.114515824739644e-6
grepew,Contopus pertinax,2022,nonbreeding,0.56885154897522,1.0896058412739044e-6
naswar,Leiothlypis ruficapilla,2022,nonbreeding,0.1900290151006773,1.0695580673229886e-6
bkbcuc,Coccyzus erythropthalmus,2022,breeding,0.9919254930540236,1.0452065086590493e-6
orcori,Icterus spurius,2022,nonbreeding,0.46737457573936625,1.0137308741476994e-6
leasan,Calidris minutilla,2022,breeding,0.3047111586438451,9.503868230076835e-7
solsan,Tringa solitaria,2022,breeding,0.5418879707075185,9.333502568338769e-7
lecspa,Ammospiza leconteii,2022,breeding,0.8420991753691033,8.94358587933556e-7
belvir,Vireo bellii,2022,nonbreeding,0.3630557280033141,8.780409369400171e-7
whtrob1,Turdus assimilis,2021,resident,0.5818806103893186,8.267017128083952e-7
norpar,Setophaga americana,2022,nonbreeding,0.4766252141606219,7.926114741433038e-7
libher,Egretta caerulea,2022,nonbreeding,0.337745864633072,7.575917882530894e-7
brant,Branta bernicla,2022,breeding,0.06607935375255099,7.521721955074043e-7
easpho,Sayornis phoebe,2022,breeding,0.6694758419028372,6.426038410185007e-7
balori,Icterus galbula,2022,nonbreeding,0.5937905238823596,5.865776355265451e-7
rucwar,Basileuterus rufifrons,2021,resident,0.051184357271405745,5.580661180546213e-7
lotduc,Clangula hyemalis,2022,nonbreeding,0.25170737934652443,5.42564541890355e-7
triher,Egretta tricolor,2022,breeding,0.7725701183548166,5.423652021672584e-7
chswar,Setophaga pensylvanica,2022,breeding,0.7371474030110279,5.367094338526692e-7
easpho,Sayornis phoebe,2022,nonbreeding,0.05771090817539836,4.950588223126181e-7
shbdow,Limnodromus griseus,2022,breeding,0.036135626513604545,4.846582931933789e-7
grycat,Dumetella carolinensis,2022,nonbreeding,0.2955688900915147,4.7555649610772787e-7
categr,Bubulcus ibis/coromandus,2022,nonbreeding,0.5525225676439621,4.2593178680420937e-7
slbgul,Larus schistisagus,2021,nonbreeding,0.5508315411617329,4.2362559068543217e-7
clcspa,Spizella pallida,2022,nonbreeding,0.016288931204168775,3.996493170753677e-7
categr,Bubulcus ibis/coromandus,2022,breeding,0.5407158229582701,3.9742874252620495e-7
barswa,Hirundo rustica,2022,nonbreeding,0.359081377808043,3.811338936514623e-7
hooori,Icterus cucullatus,2022,nonbreeding,0.2590625895676587,3.4753577137625644e-7
rebmer,Mergus serrator,2022,breeding,0.25069886903992084,3.0142028050345634e-7
norpar,Setophaga americana,2022,breeding,0.3924912648534106,2.6471345920147096e-7
harduc,Histrionicus histrionicus,2022,nonbreeding,0.07847263187767868,2.4949689834749704e-7
comblh1,Buteogallus anthracinus,2022,nonbreeding,0.07510945135656276,2.3590036199143147e-7
sctfly,Tyrannus forficatus,2022,breeding,0.8388695890897998,2.0848637858168278e-7
tropar,Setophaga pitiayumi,2022,breeding,0.8298867963629939,1.8979490527586218e-7
trokin,Tyrannus melancholicus,2022,breeding,0.289121191522309,1.7120750281883723e-7
rosgoo,Anser rossii,2022,breeding,0.12173119482474859,1.6932504035915566e-7
whtspa,Zonotrichia albicollis,2022,breeding,0.8214700169717464,1.4477664170956632e-7
yetvir,Vireo flavifrons,2022,breeding,0.5648057375658312,1.436327662325636e-7
rehwoo,Melanerpes erythrocephalus,2022,nonbreeding,0.6337204713504149,1.2372959652159934e-7
neocor,Nannopterum brasilianum,2022,resident,0.08102021703020038,1.2150446387945026e-7
cacgoo1,Branta hutchinsii,2022,breeding,0.14845718256580615,1.2137334333770006e-7
fatwar,Basileuterus lachrymosus,2021,resident,0.23872910968969993,1.1923365794738154e-7
retloo,Gavia stellata,2022,breeding,0.023022481346289148,1.0464582840088064e-7
trokin,Tyrannus melancholicus,2022,nonbreeding,0.24581690312408885,8.856361044317255e-8
rubrob,Turdus rufopalliatus,2021,nonbreeding,0.006483556005005722,8.1644084389872e-8
rudtur,Arenaria interpres,2022,breeding,0.2554610866243712,7.548250644867664e-8
ameoys,Haematopus palliatus,2022,nonbreeding,0.19906328260756742,7.130354879312253e-8
shtsan,Calidris acuminata,2021,nonbreeding,0.26557239198133564,6.357755141600927e-8
laugul,Leucophaeus atricilla,2022,nonbreeding,0.5519031769589722,6.080213652526858e-8
eleter1,Thalasseus elegans,2022,nonbreeding,0.14989720981548402,5.881514156718482e-8
gwfgoo,Anser albifrons,2022,breeding,0.2123421376861726,5.58682328983359e-8
arcloo,Gavia arctica,2021,nonbreeding,0.3238280849073374,5.0711635574683615e-8
snogoo,Anser caerulescens,2022,breeding,0.9830872342337891,4.391484823763054e-8
prowar,Protonotaria citrea,2022,breeding,0.10135739803390635,4.1298964673191895e-8
plcsta,Heliomaster constantii,2021,resident,0.01198622208887071,4.0633361386734766e-8
whevir,Vireo griseus,2022,breeding,0.5345216411286902,3.969191544988295e-8
yetwar,Setophaga dominica,2022,nonbreeding,0.3554574030263394,3.466446287636975e-8
tenwar,Leiothlypis peregrina,2022,nonbreeding,0.03147294742736701,3.32671391447824e-8
blugrb1,Passerina caerulea,2022,nonbreeding,0.018109997940490823,2.849697184979724e-8
cursan,Calidris ferruginea,2021,nonbreeding,0.3846925870692955,2.5924886806954765e-8
nutfly,Myiarchus nuttingi,2021,resident,0.011630698344491966,1.81965442420697e-8
arcloo,Gavia arctica,2021,breeding,0.2497153600607315,1.1568664596382737e-8
manduc,Aix galericulata,2021,breeding,0.012823206621376487,1.057747665285843e-8
macwar,Geothlypis tolmiei,2022,nonbreeding,0.5455106464699221,8.59023178569029e-9
y00678,Caracara plancus,2022,resident,0.43187980265906967,7.747347635445976e-9
ovenbi1,Seiurus aurocapilla,2022,nonbreeding,0.14104969976654624,7.50739188630834e-9
swahaw,Buteo swainsoni,2022,nonbreeding,0.49432498335421127,6.312719291065726e-9
yegvir,Vireo flavoviridis,2021,breeding,0.08682198827939804,5.992984323068164e-9
comgra,Quiscalus quiscula,2022,nonbreeding,0.32402819093693436,5.8600965794065e-9
ducfly,Myiarchus tuberculifer,2022,nonbreeding,0.046129196023122286,4.960071845484075e-9
tunswa,Cygnus columbianus,2022,breeding,0.08742373529470182,4.4860810649494456e-9
laugul,Leucophaeus atricilla,2022,breeding,0.1417880217366867,4.26270854154614e-9
blkvul,Coragyps atratus,2022,resident,0.0027374765875911936,4.085490653702055e-9
fiespa,Spizella pusilla,2022,nonbreeding,0.010497002714177283,3.72632611662907e-9
manduc,Aix galericulata,2021,nonbreeding,0.43780162075326806,1.4996038209271172e-9
grekis,Pitangus sulphuratus,2022,resident,0.9364815907295547,1.4634975756538693e-9
lotduc,Clangula hyemalis,2022,breeding,0.08607992563073016,1.2535780609020547e-9
banswa,Riparia riparia,2022,nonbreeding,0.7044588350628819,9.847164082302806e-10
gloibi,Plegadis falcinellus,2022,breeding,0.08843859369715151,4.76396707497117e-10
whiwag,Motacilla alba,2021,nonbreeding,0.005271920206758809,3.6275476812313005e-10
mewgul2,Larus brachyrhynchus,2022,breeding,4.6419790413115505e-4,1.2015296810261368e-11
hergul,Larus argentatus,2022,breeding,1.1053007900068257e-4,1.5697619462483335e-14
